pkg	version	index	python	os	arch	filename
flagtree	0.7.0+triton3.6	flagos-pypi-hosted	cp312	linux	linux_x86_64	
flagtree	0.7.0+triton3.5	flagos-pypi-hosted	cp312	linux	linux_x86_64	
flagtree	0.6.0+ascend3.2	flagos-pypi-ascend	cp311	linux	linux_aarch64	
flagtree	0.7.0+ascend3.5	flagos-pypi-ascend	cp311	linux	linux_aarch64	
flagtree	0.7.0+enflame3.6	flagos-pypi-enflame	cp312	linux	linux_x86_64	
flagtree	0.7.0+hcu3.6	flagos-pypi-hygon	cp310	linux	linux_x86_64	
flagtree	0.6.1+iluvatar3.6	flagos-pypi-iluvatar	cp312	linux	linux_x86_64	
flagtree	0.7.0+iluvatar3.6	flagos-pypi-iluvatar	cp312	linux	linux_x86_64	
flagtree	0.7.0+metax3.6	flagos-pypi-metax	cp312	linux	linux_x86_64	
flagtree	0.7.0+mthreads3.6	flagos-pypi-mthreads	cp310	linux	linux_x86_64	
flagtree	0.7.0+ppu3.6	flagos-pypi-thead	cp312	linux	linux_x86_64	
flagtree	0.7.0+sunrise3.6	flagos-pypi-sunrise	cp310	linux	linux_x86_64	
flagtree	0.7.0+tsingmicro3.6	flagos-pypi-tsingmicro	cp310	linux	linux_x86_64	
flagtree	0.7.0+xpu3.6	flagos-pypi-kunlunxin	cp310	linux	linux_x86_64	
flag_gems	5.4.0	flagos-pypi-hosted	py3	any	any	
flagcx	0.14.0+cuda12.8	flagos-pypi-nvidia	cp312	linux	linux_x86_64	
flagcx	0.14.0+cuda13.3	flagos-pypi-nvidia	cp312	linux	linux_x86_64	
flagcx	0.14.0+cann8.5.0	flagos-pypi-ascend	cp311	linux	linux_aarch64	
flagcx	0.14.0+cann8.5.0.910c	flagos-pypi-ascend	cp311	linux	linux_aarch64	
flagcx	0.14.0+cann9.0.0	flagos-pypi-ascend	cp311	linux	linux_aarch64	
flagcx	0.14.0+cann9.0.0.910c	flagos-pypi-ascend	cp311	linux	linux_aarch64	
flagcx	0.14.0+dtk2604	flagos-pypi-hygon	cp310	linux	linux_x86_64	
flagcx	0.14.0+tops1.9.10	flagos-pypi-enflame	cp312	linux	linux_x86_64	
flagcx	0.14.0+tops1.10.6	flagos-pypi-enflame	cp312	linux	linux_x86_64	
flagcx	0.14.0+musa4.3.6	flagos-pypi-mthreads	cp310	linux	linux_x86_64	
flagcx	0.14.0+musa5.2.0	flagos-pypi-mthreads	cp310	linux	linux_x86_64	
flagcx	0.14.0+maca3.7.2.1	flagos-pypi-metax	cp312	linux	linux_x86_64	
flagcx	0.14.0+maca3.8.1.3	flagos-pypi-metax	cp312	linux	linux_x86_64	
flagcx	0.14.0+neuware4.4.3	flagos-pypi-cambricon	cp310	linux	linux_x86_64	
flagcx	0.14.0+neuware4.7.2	flagos-pypi-cambricon	cp312	linux	linux_x86_64	
flagcx	0.14.0+corex4.4.0	flagos-pypi-iluvatar	cp312	linux	linux_x86_64	
flagcx	0.14.0+corex4.5.0	flagos-pypi-iluvatar	cp312	linux	linux_x86_64	
flagcx	0.14.0+xre5.37.1	flagos-pypi-kunlunxin	cp310	linux	linux_x86_64	
flagcx	0.14.0+tangrt1.2.0	flagos-pypi-sunrise	cp310	linux	linux_x86_64	
flagcx	0.14.0+tsm260610	flagos-pypi-tsingmicro	cp310	linux	linux_x86_64	
vllm	0.20.2+flagos	flagos-pypi-hosted	py3	any	any	
vllm	0.24.0+flagos	flagos-pypi-hosted	cp310	linux	linux_x86_64	
vllm	0.24.0+flagos	flagos-pypi-hosted	cp310	linux	linux_aarch64	
vllm	0.24.0+flagos	flagos-pypi-hosted	cp311	linux	linux_x86_64	
vllm	0.24.0+flagos	flagos-pypi-hosted	cp311	linux	linux_aarch64	
vllm	0.24.0+flagos	flagos-pypi-hosted	cp312	linux	linux_x86_64	
vllm	0.24.0+flagos	flagos-pypi-hosted	cp312	linux	linux_aarch64	
vllm-plugin-fl	0.2.2	flagos-pypi-hosted	py3	any	any	
vllm-plugin-fl	0.3.0	flagos-pypi-hosted	py3	any	any	
megatron-core	0.17.1+0.2.3	flagos-pypi-hosted	cp310	linux	linux_x86_64	
megatron-core	0.17.1+0.2.3	flagos-pypi-hosted	cp310	linux	linux_aarch64	
megatron-core	0.17.1+0.2.3	flagos-pypi-hosted	cp311	linux	linux_x86_64	
megatron-core	0.17.1+0.2.3	flagos-pypi-hosted	cp311	linux	linux_aarch64	
megatron-core	0.17.1+0.2.3	flagos-pypi-hosted	cp312	linux	linux_x86_64	
megatron-core	0.17.1+0.2.3	flagos-pypi-hosted	cp312	linux	linux_aarch64	
megatron-core	0.18.2+0.3.0	flagos-pypi-hosted	cp310	linux	linux_x86_64	
megatron-core	0.18.2+0.3.0	flagos-pypi-hosted	cp310	linux	linux_aarch64	
megatron-core	0.18.2+0.3.0	flagos-pypi-hosted	cp311	linux	linux_x86_64	
megatron-core	0.18.2+0.3.0	flagos-pypi-hosted	cp311	linux	linux_aarch64	
megatron-core	0.18.2+0.3.0	flagos-pypi-hosted	cp312	linux	linux_x86_64	
megatron-core	0.18.2+0.3.0	flagos-pypi-hosted	cp312	linux	linux_aarch64	
torch-fl	2.10.0+cuda13.3	flagos-pypi-nvidia	cp312	linux	linux_x86_64	
torch-fl	2.10.0+cann9.0.0	flagos-pypi-ascend	cp311	linux	linux_aarch64	
torch-fl	2.10.0+dtk2604	flagos-pypi-hygon	cp310	linux	linux_x86_64	
torch-fl	2.10.0+maca3.8.1.3	flagos-pypi-metax	cp312	linux	linux_x86_64	
torch-fl	2.10.0+musa5.2.0	flagos-pypi-mthreads	cp310	linux	linux_x86_64	
torch-fl	2.10.0+ppu2.0.0	flagos-pypi-thead	cp312	linux	linux_x86_64	
torch-fl	2.10.0+tops1.9.10	flagos-pypi-enflame	cp312	linux	linux_x86_64	
flag_attn	0.4.0	flagos-pypi-hosted	py3	any	any	
flagsparse	0.3.0	flagos-pypi-hosted	py3	any	any	
flag_blas	0.3.0	flagos-pypi-hosted	py3	any	any	
flag_audio	0.3.0	flagos-pypi-hosted	py3	any	any	
flagfft_codegen	0.2.0	flagos-pypi-hosted	py3	any	any	
flaggems_vllm	0.2.0	flagos-pypi-hosted	py3	any	any	
flagos_compressor	0.1.0	XXX	py3	any	any	
flag_gems	5.4.0	flagos-pypi-daily	py3	any	any	flag_gems-5.4.0-py3-none-any.whl
